Filename,Re,D,U0 (m/s),Période moyenne (s),Fréquence (Hz),St
Max_V_sur_Y_Re200_D1.csv,200,1.0,0.0029387755102040815,2500.0,0.0004,0.13611111111111113
Max_V_sur_Y_Re200_D1.5.csv,200,1.5,0.0019591836734693877,5266.666666666667,0.00018987341772151899,0.145371835443038
Max_V_sur_Y_Re500_D1.csv,500,1.0,0.007346938775510205,1000.0,0.001,0.1361111111111111
Max_V_sur_Y_Re1000_D1.csv,1000,1.0,0.01469387755102041,508.3333333333333,0.0019672131147540984,0.133879781420765
